name,category,base64
Human,Base,iVBORw0KGgoAAAANSUhEUgAAABgAAAAYBAMAAAASWSDLAAAAElBMVEUAAAAAAADWdQf3kxr4rUv///+T6IvaAAAABnRSTlMA//////96eeD+AAAAXklEQVR4nGNiQAJM5HIEBQUFYBxGJSUlRRhHiBFIC8CU8SPr+YDTtP8fGN5DOYwK/w0YPsNlmB4wyME4D5D0/AdS95BNU8Ll6n/IyphQlf37AOfcu3cfIfP//QcM0wAaAxSH2HomKQAAAABJRU5ErkJggg==
Vampire,Base,iVBORw0KGgoAAAANSUhEUgAAABgAAAAYBAMAAAASWSDLAAAAFVBMVEUAAAAAAABbMwOlXQX2AAv3kxr////bh9zEAAAAB3RSTlMA////////pX+m+wAAAG1JREFUeJxjYkACTORyBAUFBWAcRhcXF0cYRwSIWQRINO3fA4Z7UA6jwz8DhsdwGZYPDPYwzgEkPf+B1B5k01xw2bNnzwEEx8TFAMxhFBRkYBBg4PkA4vxnFAQp2w9R9h7kI4EPEM5/EP0erBUAERwWzx5CqboAAAAASUVORK5CYII=
Demon,Base,iVBORw0KGgoAAAANSUhEUgAAABgAAAAYBAMAAAASWSDLAAAAD1BMVEUAAAAAAAC4cAv3kxr///+zzqXqAAAABXRSTlMA/////xzQJlIAAABgSURBVHichY3dDYAgDISPTgAuYGX/mdANaByAqonSEhPty+XL/ZTgjj4hRCB1Z0Fgi6VoHcq5w3Rp/J0eQQX1hsDK2G1aMD+wuY6eUvxa9uD/NB+jMdakQymrOVrltXYAZGITh03FFbsAAAAASUVORK5CYII=
Zombie,Base,iVBORw0KGgoAAAANSUhEUgAAABgAAAAYBAMAAAASWSDLAAAAElBMVEUAAAAAAADHcwz3kxr/AAD/z5G469XyAAAABnRSTlMA//////96eeD+AAAAYUlEQVR4nJ2O0Q2AMAhEDyZoHUAr+89UjQuUCVr7IZXE9Ec+IC93HDBc8V+IMQYDEpHdYOmNg9lWv3NO05qiPECJFdtQasJlcBJgR1sf2afJ7OvqbeRthKoDcj5epRX9pN0MGRSH7kVdXgAAAABJRU5ErkJggg==
Ape,Base,iVBORw0KGgoAAAANSUhEUgAAABgAAAAYBAMAAAASWSDLAAAAElBMVEUAAAAAAAD3kxr3nzL/xHj////N6G+OAAAABnRSTlMA//////96eeD+AAAAb0lEQVR4nJ3PwQ2AMAgAQNq+TcoGJg6gkf1HIDqCcYGyQFs1kdKHL/nQC4WAhy78XyBiVLgbqHgeLn721JSkYSJarSKQXrhYRjhbJQjMCummVThyttElhNLgLd9NzLudQLQ0DABZFI55s2+1W1TjAn1pHXVHt3hFAAAAAElFTkSuQmCC
Alien,Base,iVBORw0KGgoAAAANSUhEUgAAABgAAAAYBAMAAAASWSDLAAAAElBMVEUAAAAAAACcXA7QeA33kxr/z5E7kZyXAAAABnRSTlMA//////96eeD+AAAAY0lEQVR4nGNiQAJM5HIEBQUFYBxGY2NjQxhHmJGBgVkApowfWc8HHKYxMvy7wHAXyhFW+K/A8AnKeSsANApu9AWYEUDOf7wOFUDinD17AcExNjZA1vP3A5Ky8wiZ/+8/YBgNAJwZFZmWaFZKAAAAAElFTkSuQmCC
Orc,Base,iVBORw0KGgoAAAANSUhEUgAAABgAAAAYBAMAAAASWSDLAAAAD1BMVEUAAAAAAAC4aAb3kxr///99R+60AAAABXRSTlMA/////xzQJlIAAABnSURBVHicnY7RDYAwCAUpCwguoO3+s3SE6gYlDgDW2GoT/dH3AbnwcgGhC/4FZqYGLoTgG4zHpi82x5Cz5RMM58G7rdYUUGCqICuoNoGViZ2NgF7UJRpTvADLp31N5YKUlvtiWR62HSVzGYfUPhgTAAAAAElFTkSuQmCC
Robot,Base,iVBORw0KGgoAAAANSUhEUgAAABgAAAAYBAMAAAASWSDLAAAAD1BMVEUAAAAAAAClXQWp9//3kxpwoWbyAAAABXRSTlMA/////xzQJlIAAABlSURBVHicY2JAAkzkcgQFBQVgHEZjY2NDGEcYiJkFSDTt7tmzZ6EcRgYGBSCEcAQMGB4AIYTz4QIj0FYo5z+DEhDgMPru3QcIzsePHxAcIyMDZD1/P8A5Z8+eR8j8f/8BWRkYAAC7PReZIiPApwAAAABJRU5ErkJggg==
Mummy,Base,iVBORw0KGgoAAAANSUhEUgAAABgAAAAYBAMAAAASWSDLAAAAGFBMVEUAAAAAAAAqFwFzQQS9awb2AAv3kxr7zZUeBZ9OAAAACHRSTlMA/////////9XKVDIAAACISURBVHicY2JAAkzkcgQFBQVgHEZTJSVFGEfoLbOJmwBMRtjgzB6YzN+3Z5ntYBxmYWMDNrhpd/bsWQ3lMP5jZmAwgMv8ZWC4AOMwqbiIhEI5//+/PfsXbjSjsLGxC4zz/+0FBiSZv2dZ4DIfjE0c4DJ/z57Z9QFmj/C9e/cRBvx//wFhANTbAIjYKJv9kZu/AAAAAElFTkSuQmCC
Skeleton,Base,iVBORw0KGgoAAAANSUhEUgAAABgAAAAYAgMAAACdGdVrAAAACVBMVEUAAAAAAAD3kxqU5qw2AAAAA3RSTlMA//9EUNYhAAAASUlEQVR4nGNiAAMm/FRoCIhiDA0FUawMjA44Vb75DaJEoDwRVhD1B8L7wLABojIATP3ZA6b+fwBTjAJgisX5AIj6vRoitwZuNAAiPQ7bAa/rnwAAAABJRU5ErkJggg==
Bandana,Headwear,iVBORw0KGgoAAAANSUhEUgAAABgAAAAYAgMAAACdGdVrAAAADFBMVEUAAAAULHwWN6QaQ8gaCZINAAAABHRSTlMA////sy1AiAAAADNJREFUeJxjYgADJvzUqlUgiik0tAFIcYIF+e6s/g/kfV0ZBpbbwBABog6A5f4SYyZpFACiqQsxzPjMbgAAAABJRU5ErkJggg==
Beanie,Headwear,iVBORw0KGgoAAAANSUhEUgAAABgAAAAYBAMAAAASWSDLAAAAElBMVEUAAAAAAAAAYMM8wwDWBATk6xcxbFATAAAABnRSTlMA//////96eeD+AAAAQElEQVR4nGNiQAJM+DlMSkoIzr/79xAcpZAQBxgHhFlgHAVmBkYGB5gyAwYGAZjMPSC4cwAmc/bs2QtEuGDwcACVpA0xseSzIQAAAABJRU5ErkJggg==
Birthday Hat,Headwear,iVBORw0KGgoAAAANSUhEUgAAABgAAAAYBAMAAAASWSDLAAAAG1BMVEUAAAAAAAAr//8s/wv2AAv4Qf/6aw3//w////+HXBKDAAAACXRSTlMA//////////83ApvUAAAAWklEQVR4nGNiYGhggAEmBg4OQQE458dPFxiPCajsLKOiIIzDwCjIliYA4wi4OLwPhHFc/r//9wDK+T//w70H52Ey/+79PfsBxvl79vx7uGnv33+A24MAg5kDAHZ3GzGdlta3AAAAAElFTkSuQmCC
Cap Forward,Headwear,iVBORw0KGgoAAAANSUhEUgAAABgAAAAYCAQAAABKfvVzAAAAUElEQVR4nGNiIBEwDQUN/1EgQQ3/TRkCkSCmFiZ05TIoApha0GyAKF+PBBnQtGDx9HoGUzSIrIUJXTHIzNNoELcNjDghPifhB6MaRjVQSwMAjrMeMQFYgZwAAAAASUVORK5CYII=
Cap Red,Headwear,iVBORw0KGgoAAAANSUhEUgAAABgAAAAYAgMAAACdGdVrAAAACVBMVEUAAAC4GRncYmCr8TEXAAAAA3RSTlMA//9EUNYhAAAAK0lEQVR4nGNiAAMmHFRoCIhiZBAEUSwMXyByf0IgShiB1O/Vq1fj1E49CgCxAAYxlOa1fgAAAABJRU5ErkJggg==
Cap McD Red,Headwear,iVBORw0KGgoAAAANSUhEUgAAABgAAAAYBAMAAAASWSDLAAAAD1BMVEUAAAC0AAHKEBH+vwD/ngHcjYXsAAAABXRSTlMA/////xzQJlIAAAA7SURBVHicY2JAAkwkcISUlBRgHEYBRkYmGEeQgZ9fQAGuh5+f/wOM8//hw4dCShDOu/v3QIA0SwcPBwBvugwxvUei7wAAAABJRU5ErkJggg==
Knitted Cap,Headwear,iVBORw0KGgoAAAANSUhEUgAAABgAAAAYAgMAAACdGdVrAAAADFBMVEUAAAAAAACTNwnKThFYYCmIAAAABHRSTlMA////sy1AiAAAAC9JREFUeJxjYgADJvxUaAiIYly1EkSxMTA5ACnh1asDQIKCgiDBp66uBYRMoYQCAKN0BjFei36OAAAAAElFTkSuQmCC
Cowboy Hat,Headwear,iVBORw0KGgoAAAANSUhEUgAAABgAAAAYAgMAAACdGdVrAAAACVBMVEUAAABQLwV5SxHZv0wzAAAAA3RSTlMA//9EUNYhAAAAMklEQVR4nGNiAAMmdGqBBohi4mrCkONgXr3aoYGJaWloaBYD0w+QWAPTvzAgwDSFehQA8wgJMZOnuQoAAAAASUVORK5CYII=
Fedora,Headwear,iVBORw0KGgoAAAANSUhEUgAAABgAAAAYAgMAAACdGdVrAAAACVBMVEUAAAAAAAA9Lx5Hw5oNAAAAA3RSTlMA//9EUNYhAAAAMElEQVR4nGNiAAMmdEprAZhq4EASBEEgYl692gFILQ0NzWBgYoLI/AsDAkxTqEcBACBSBzF7FUTHAAAAAElFTkSuQmCC
Sombrero,Headwear,iVBORw0KGgoAAAANSUhEUgAAABgAAAAYBAMAAAASWSDLAAAAGFBMVEUAAAAAAACrkm2+onbJrXvfQzrkbFPoxoptfaeJAAAACHRSTlMA/////////9XKVDIAAABwSURBVHicY2JAAkwggt3dHcHJ1dUtgHHYL1++fB3G+aurq3OHITQQzPm3b99ho1AFBQYm1tDQYGVlRSamRxuAMgogICcnd/o9A9OfR0Bwd+2cOe8/MDD933X61K7974EAZNr79xAWxGigPLJzBikHAN7zKzHomhk2AAAAAElFTkSuQmCC
Jester Hat,Headwear,iVBORw0KGgoAAAANSUhEUgAAABgAAAAYBAMAAAASWSDLAAAAFVBMVEUAAAAAAP8QcQFsAAL6AAf8agj//wvQPiXCAAAAB3RSTlMA////////pX+m+wAAAGZJREFUeJxjYkACTGgcFhcQQ1AAzHFgAPIEGRhBHBagsIsgkBAAyfxhuHfPxYHhA8SAf0DM8h9iwIEHIAMc/oM4SQmMAowP/j1gCwMrE2AU+PcAZulZELgA5sxaALH+1ywM5wwmDgBVxxgxgBF8nQAAAABJRU5ErkJggg==
Top Hat,Headwear,iVBORw0KGgoAAAANSUhEUgAAABgAAAAYAgMAAACdGdVrAAAACVBMVEUAAAAAAADcHR2bmiVRAAAAA3RSTlMA//9EUNYhAAAANUlEQVR4nGNiAAMmBsbQUBDFwsDgAKSggqgUa2goSI579eoLQMqBAaiYiWH16tVrcGmgIgUAPM4HMZUKM7oAAAAASUVORK5CYII=
Messy Black Hair,Hair,iVBORw0KGgoAAAANSUhEUgAAABgAAAAYCAQAAABKfvVzAAAAT0lEQVR4nO2SMQoAMAgDjf//s6VSikIUOgpVHIScyaDKY+kEwEKLTwtYsxGACI4TBZh8FyoAnbB2gA8CUkaCt6XLuDABchAaaMhrfGAEsAAKLRAx2c27OgAAAABJRU5ErkJggg==
Mohawk Black,Hair,iVBORw0KGgoAAAANSUhEUgAAABgAAAAYCAQAAABKfvVzAAAAPUlEQVR4nGNiIBEw4ZT5D4QkaMCqGLcGnMqxa8CjHJ8fGBgYidXAiF0pfhtwasHtJBxa8PlhVMOohiGuAQDZlwUxOQsiBQAAAABJRU5ErkJggg==
Blonde Short,Hair,iVBORw0KGgoAAAANSUhEUgAAABgAAAAYAQMAAADaua+7AAAABlBMVEUAAAD/9o5TGWU+AAAAAnRSTlMA/1uRIrUAAAAvSURBVHicY2JgYGCC45IGJobuBiZGhgYmJgYHJobOB0z/fyQwMTRA5P8hqyUOAwAcdggxWPTm9gAAAABJRU5ErkJggg==
Wild Blonde,Hair,iVBORw0KGgoAAAANSUhEUgAAABgAAAAYAQMAAADaua+7AAAABlBMVEUAAAD/9o5TGWU+AAAAAnRSTlMA/1uRIrUAAABPSURBVHicPcw9CoAwAIPRzwjiJMXZoUfp0T1KRzd/EHEo1CDi8IaQEAF6tbOYUJOjOufeAkHxTKIuyseiNaGhoC2j0f1u1a5/7+77u63AAzApEjHR06i3AAAAAElFTkSuQmCC
Wild White Hair,Hair,iVBORw0KGgoAAAANSUhEUgAAABgAAAAYCAQAAABKfvVzAAAAdklEQVR4nO2QWw6AMAgELfe/s0qw4bktxl9JTFOy41DoeFlUt8+7toANjSH3jJFGZyi6EiAtjfJpYx4p34DmfwAehT+df95sNxj8czUqpzWCtaonWgipPZwMq6kLw3ov/idUNRuGPuK21IHgWhtAb6gvhh+AdQEx2iwxvf/YfQAAAABJRU5ErkJggg==
Crazy Red Hair,Hair,iVBORw0KGgoAAAANSUhEUgAAABgAAAAYAQMAAADaua+7AAAABlBMVEUAAADiJiYe0rvYAAAAAnRSTlMA/1uRIrUAAAA8SURBVHicY2JgYGACYUYOBiamLQ1MDPYMTDwsDkwSDAZA/IHpwukFTH+3NTAJNDAw/QGq+wBVz4HExoMBmeILMa5j7TcAAAAASUVORK5CYII=
Red Mohawk,Hair,iVBORw0KGgoAAAANSUhEUgAAABgAAAAYAQMAAADaua+7AAAABlBMVEUAAADiJiYe0rvYAAAAAnRSTlMA/1uRIrUAAAAgSURBVHicY2JgYGBi4ABiASBWAGIHIF4AxC+AmIFiDACdYAIxMnKgiwAAAABJRU5ErkJggg==
Clown Hair Blue,Hair,iVBORw0KGgoAAAANSUhEUgAAABgAAAAYAQMAAADaua+7AAAABlBMVEUAAAAAAP+IZVZCAAAAAnRSTlMA/1uRIrUAAAA6SURBVHicY2JgYGBCxozNDExMdQ1MLAwOTOz/FcBiBgwSYPoBww+mdwwfmH4wJDD9Aas/wISuHw0DABQ2CjHyIS1JAAAAAElFTkSuQmCC
3D Glasses,Eyewear,iVBORw0KGgoAAAANSUhEUgAAABgAAAAYAgMAAACdGdVrAAAADFBMVEUAAAAyjf3w8PD9MjK7wq5BAAAABHRSTlMA////sy1AiAAAACVJREFUeJxjYgADJkoprlWrGoDUj9eiIN4/qJzoazAVFtZAqQ0AVrIHMfvqO1YAAAAASUVORK5CYII=
Regular Shades,Eyewear,iVBORw0KGgoAAAANSUhEUgAAABgAAAAYCAQAAABKfvVzAAAALUlEQVR4nGNiIBEwjWoYgRr+44Q4NDCCITKPKCcx4iBxamDAb88gD9ZRDbgAAJV4DTGIgerrAAAAAElFTkSuQmCC
Classic Shades,Eyewear,iVBORw0KGgoAAAANSUhEUgAAABgAAAAYAgMAAACdGdVrAAAADFBMVEUAAAAAAABcOQ/HdRRmheywAAAABHRSTlMA////sy1AiAAAACZJREFUeJxjYgADJkop1tBQByD1W+QoWFCEFUxNf3YARL35TbENADO/BzEkbEn1AAAAAElFTkSuQmCC
Big Shades,Eyewear,iVBORw0KGgoAAAANSUhEUgAAABgAAAAYBAMAAAASWSDLAAAAD1BMVEUAAAAAAABpDEWMDVutIWBjMb3aAAAABXRSTlMA/////xzQJlIAAAAzSURBVHicY2JAAkx05DAKCgIRTEZQQEBQAMoBsj7AOSAWnPP/7Hkggul5/wGE6OtqOAAAoFgMMZra3hgAAAAASUVORK5CYII=
Heart Shades,Eyewear,iVBORw0KGgoAAAANSUhEUgAAABgAAAAYAgMAAACdGdVrAAAACVBMVEUAAAD2AAv///+XF7LXAAAAA3RSTlMA//9EUNYhAAAANElEQVR4nGNiAAMmSimmVVoLgBT77pwdIMEP/0GCPxkncACpf05PFECCHT8bQNSDf2TYAAC/6A0xBwXZywAAAABJRU5ErkJggg==
Eye Mask,Eyewear,iVBORw0KGgoAAAANSUhEUgAAABgAAAAYCAQAAABKfvVzAAAAOElEQVR4nGNiIBEwjWoYDhr+Y4UEbWAEQnQWPg3X/2Oy8GrQZIA5A8HCpYERKyRkA34wqmFwaAAAot8RMSqAPPIAAAAASUVORK5CYII=
Eye Patch,Eyewear,iVBORw0KGgoAAAANSUhEUgAAABgAAAAYCAQAAABKfvVzAAAAMklEQVR4nGNiIBEwjWoYDhr+Y4V4NDACITKbEUWEGk6CmIwgidLAgOkMKjtpVMNAaAAA5w8LMSQMaJIAAAAASUVORK5CYII=
VR,Eyewear,iVBORw0KGgoAAAANSUhEUgAAABgAAAAYCAQAAABKfvVzAAAASklEQVR4nGNiIBEwjWoYpBr+Y0C8Gv73MmxBgb0MqFqY0JWrM/igQHXq+oGxmOEmmpNuErABqAXVScVAMfxOYsSA1PTDqAYqaQAAJqsfMWyfSqoAAAAASUVORK5CYII=
Laser Eyes,Eyewear,iVBORw0KGgoAAAANSUhEUgAAABgAAAAYAgMAAACdGdVrAAAADFBMVEUAAAD4XA/7Ggb/2zxvU63vAAAABHRSTlMA////sy1AiAAAAC5JREFUeJxjYgADJjIoBSZkXgV7A5BSvSd3DUjdVnqkBRLs+NmApOTBP/IsAgEAzlwJMeh2IOwAAAAASUVORK5CYII=
Big Beard,Beards,iVBORw0KGgoAAAANSUhEUgAAABgAAAAYAgMAAACdGdVrAAAACVBMVEUAAAAAAACmbiyXMOLYAAAAA3RSTlMA//9EUNYhAAAALklEQVR4nGNiAAMmOlJaq0AUUwPDBCAl8S8BLMi0AEnJcwj1fw3DBpDg6tUHGADplAmHUhQFKQAAAABJRU5ErkJggg==
Chinstrap,Beards,iVBORw0KGgoAAAANSUhEUgAAABgAAAAYAQMAAADaua+7AAAABlBMVEUAAACmbiyxNLLXAAAAAnRSTlMA/1uRIrUAAAAgSURBVHicY2JgYGAiFzOC6EYI+78DVHwvEM8D4idgPgBLRAQx8In2jgAAAABJRU5ErkJggg==
Goatie,Beards,iVBORw0KGgoAAAANSUhEUgAAABgAAAAYAgMAAACdGdVrAAAACVBMVEUAAAAAAACmbiyXMOLYAAAAA3RSTlMA//9EUNYhAAAAGklEQVR4nGNiAAOmQUIxLUDm/f8AoTYwMAAAOqMEcVxF1eoAAAAASUVORK5CYII=
Buckteeth,Mouth,iVBORw0KGgoAAAANSUhEUgAAABgAAAAYCAQAAABKfvVzAAAAJElEQVR4nGNiIBEwjWoY1TCqgeoa/v+HYKI1MDJCMO2cNJAaAKjoBDGYdRKmAAAAAElFTkSuQmCC
Frown,Mouth,iVBORw0KGgoAAAANSUhEUgAAABgAAAAYCAQAAABKfvVzAAAAIUlEQVR4nGNiIBEwjWoY1TCqYcA1/CdVAyOpGvAA2msAAFZOATHpq+CTAAAAAElFTkSuQmCC
Smile,Mouth,iVBORw0KGgoAAAANSUhEUgAAABgAAAAYCAQAAABKfvVzAAAAIUlEQVR4nGNiIBEwjWoY1TCqgYCG/6RqYCRVAx4wHDQAALhOATEow+oLAAAAAElFTkSuQmCC
Spots,Face,iVBORw0KGgoAAAANSUhEUgAAABgAAAAYCAQAAABKfvVzAAAATElEQVR4nO3RMQoAMAgDwOLLfHqe5lqiGITi1CwB4aRUO8PYB3vAqSUAtQRN9oFPARTvn4Q8qkCxtwf33oTVL4EHD+7g1BKAWgKRMQgcMwgxgu3xtgAAAABJRU5ErkJggg==
Mole,Face,iVBORw0KGgoAAAANSUhEUgAAABgAAAAYAQMAAADaua+7AAAABlBMVEUAAAAiHhfJPJFZAAAAAnRSTlMAZtJCCVUAAAATSURBVHicY2JgYGCiCDdAMXZ5ACXAATHnsILWAAAAAElFTkSuQmCC
Clown Nose,Nose,iVBORw0KGgoAAAANSUhEUgAAABgAAAAYAQMAAADaua+7AAAABlBMVEUAAADWAAAsY/BNAAAAAnRSTlMA/1uRIrUAAAAVSURBVHicY2JgYGAiC/NA6S941QEAKCABMaJDtgYAAAAASUVORK5CYII=
Demon Horns,More,iVBORw0KGgoAAAANSUhEUgAAABgAAAAYAgMAAACdGdVrAAAACVBMVEUAAAAAAACFAAhqRriZAAAAA3RSTlMA//9EUNYhAAAAHklEQVR4nGNiAAMmNIrRgRXMCxBBEvxf8BxTJZ0oAI1VAzE1NhPeAAAAAElFTkSuQmCC
Bubble Gum,Mouth Props,iVBORw0KGgoAAAANSUhEUgAAABgAAAAYAgMAAACdGdVrAAAADFBMVEUAAAD/gKr/lrn///8WAGxZAAAABHRSTlMA////sy1AiAAAAC9JREFUeJxjYgADJvpQoWCKMdQBRLE6BIAo0QNgwdcQJb8ZNoCo/6sPgDWshmkHAOojCDHyxhSdAAAAAElFTkSuQmCC
Cigarette,Mouth Props,iVBORw0KGgoAAAANSUhEUgAAABgAAAAYBAMAAAASWSDLAAAAD1BMVEUAAAAAAADGxsbe3t7iWyZuiQ4vAAAABXRSTlMA//+A/7R3Q2sAAAAuSURBVHicY2JAAkwDy2Gmqml/ERxBQUE4h1FQUFgAxvn//v3bD3Bl79+/J9oeACMLCTES7SltAAAAAElFTkSuQmCC
Cigar,Mouth Props,iVBORw0KGgoAAAANSUhEUgAAABgAAAAYAgMAAACdGdVrAAAADFBMVEUAAAAAAAAwHhbd3d3SlKLDAAAABHRSTlMA//+Ac5csJQAAACBJREFUeJxjYgADJipSBwgrcQBRrKFQCiz4ezWUwq4dAO5oBjHPutpFAAAAAElFTkSuQmCC
Pipe,Mouth Props,iVBORw0KGgoAAAANSUhEUgAAABgAAAAYBAMAAAASWSDLAAAAD1BMVEUAAAAAAABoPAiFURS6urogGgjaAAAABXRSTlMA////gNxqSv8AAABDSURBVHicY2JAAkyDieOAxGFhwaXszx5cehgOYJcRQJJhVGQQFBSAcv4/EmBSgit7p/j/P5zz/5Hi+w9w097de88AANJHEFM7WieBAAAAAElFTkSuQmCC
Medical Mask,Mouth Props,iVBORw0KGgoAAAANSUhEUgAAABgAAAAYCAQAAABKfvVzAAAAXElEQVR4nGNiIBEwjWoY1UCEhpP/SdRgzkhYC5qT0LVgGoDhB5AWENwIJs0ZCWqAAQninAQCL7CwcGoAOQNhtgRhP5gzorqaKD8gFGEqx+FpkD3oduHVgA+QrAEA9aYcMZp/Xy0AAAAASUVORK5CYII=
Earring,Jewelery,iVBORw0KGgoAAAANSUhEUgAAABgAAAAYAgMAAACdGdVrAAAACVBMVEUAAAAAAAD/2Sa/DCaGAAAAA3RSTlMA//9EUNYhAAAAGklEQVR4nGNiAAMmmlACECoEQq2BUB/IMgwAh6wCMRQlVHYAAAAASUVORK5CYII=
Gold Chain,Jewelery,iVBORw0KGgoAAAANSUhEUgAAABgAAAAYAQMAAADaua+7AAAABlBMVEUAAAD/ySbTymTYAAAAAnRSTlMA/1uRIrUAAAAYSURBVHicY2JgYGCiJmYE4v8NQPYBMAYAH8QDMVqr1osAAAAASUVORK5CYII=
Silver Chain,Jewelery,iVBORw0KGgoAAAANSUhEUgAAABgAAAAYCAQAAABKfvVzAAAAI0lEQVR4nGNiIBEwjWoY1TCqYVQDErj/HwRJ0KDICIL4NAAARwgGMVQcLfoAAAAASUVORK5CYII=
Hoodie,Clothes,iVBORw0KGgoAAAANSUhEUgAAABgAAAAYCAQAAABKfvVzAAAAjElEQVR4nMWT0Q3AIAhEkR2ZkiGpVYkKaG3SpPCn9+RUQHgZ+BMgJQ+BLCW4M4YsUMQ1GrQFhMy2R0bAySOkA03OU3rE3CFL0pjsKqKTz+EQBUL/0T2GCsH5ur6ydBKohso5i3bgwdRf3fo9kBj2/9Cf/KmCzPIO2BqiU0fmQ1cjCnWArHxjibTBTbtcLisy0p30U/kAAAAASUVORK5CYII=
Bitcoin Orange,Background,iVBORw0KGgoAAAANSUhEUgAAABgAAAAYAQMAAADaua+7AAAAA1BMVEX/tDMmmwOdAAAAD0lEQVR4nGNiYGBgoiEGAAnAADF4jd7/AAAAAElFTkSuQmCC
Bitcoin Pattern,Background,iVBORw0KGgoAAAANSUhEUgAAABgAAAAYAQMAAADaua+7AAAABlBMVEX/gin/tDPWXi8CAAAAQElEQVR4nGOqP/6HyUGEkenAmt9MNRnHmJ7xJzKJMgYw/WbYwMTKEMD0+v8GJqmP85laZlgxOYSwMh14858U9QCDJiHIpQTtbgAAAABJRU5ErkJggg==
